{"AvoidAction":[{"EquipmentType":"Robot","ActionName":"Run","AvoidId":0},{"EquipmentType":"Robot","ActionName":"DockV2","AvoidId":0},{"EquipmentType":"Arm","ActionName":"Lift","AvoidId":7},{"EquipmentType":"Arm","ActionName":"DetectShelf","AvoidId":0},{"EquipmentType":"Arm","ActionName":"AdjustShelf","AvoidId":0},{"EquipmentType":"Arm","ActionName":"SetPalletAngle","AvoidId":0},{"EquipmentType":"Arm","ActionName":"TurnShelf","AvoidId":0},{"EquipmentType":"Fork","ActionName":"Fork","AvoidId":0},{"EquipmentType":"Fork","ActionName":"ButtPallet","AvoidId":0},{"EquipmentType":"Stacker","ActionName":"Fork","AvoidId":0},{"EquipmentType":"Stacker","ActionName":"ButtPallet","AvoidId":0},{"EquipmentType":"Stacker","ActionName":"TakeGoods","AvoidId":0}],"AvoidSceneSet":[{"id":0,"name":"最小避障","config":{"noload":{"forward":50,"rotate":50,"right":0,"left":0,"slowAccThreshold":0.2,"alarmAccThreshold":0.4,"slowRight":0,"slowLeft":0,"back":-300,"reduceMin":10},"load":{"forward":50,"rotate":50,"right":0,"left":0,"slowAccThreshold":0.1,"alarmAccThreshold":0.25,"slowRight":0,"slowLeft":0,"back":-300,"reduceMin":10}}},{"id":1,"name":"常规避障","config":{"noload":{"forward":450,"rotate":100,"right":50,"left":50,"slowAccThreshold":0.2,"alarmAccThreshold":0.4,"slowRight":100,"slowLeft":100,"back":-300,"reduceMin":70},"load":{"forward":450,"rotate":70,"right":50,"left":50,"slowAccThreshold":0.1,"alarmAccThreshold":0.25,"slowRight":50,"slowLeft":50,"back":-300,"reduceMin":70}}},{"id":2,"name":"常规短避障","config":{"noload":{"forward":250,"rotate":100,"right":50,"left":50,"slowAccThreshold":0.2,"alarmAccThreshold":0.4,"slowRight":100,"slowLeft":100,"back":-300,"reduceMin":70},"load":{"forward":250,"rotate":100,"right":50,"left":50,"slowAccThreshold":0.1,"alarmAccThreshold":0.25,"slowRight":150,"slowLeft":150,"back":-300,"reduceMin":70}}},{"id":3,"name":"货架区避障","config":{"noload":{"forward":100,"rotate":50,"right":50,"left":50,"slowAccThreshold":0.2,"alarmAccThreshold":0.4,"slowRight":20,"slowLeft":20,"back":-300,"reduceMin":100},"load":{"forward":100,"rotate":50,"right":50,"left":50,"slowAccThreshold":0.1,"alarmAccThreshold":0.25,"slowRight":30,"slowLeft":30,"back":-300,"reduceMin":30}}},{"id":4,"name":"左侧有障碍物","config":{"noload":{"forward":450,"rotate":0,"right":50,"left":0,"slowAccThreshold":0.2,"alarmAccThreshold":0.4,"slowRight":100,"slowLeft":0,"back":-300,"reduceMin":100},"load":{"forward":450,"rotate":0,"right":50,"left":0,"slowAccThreshold":0.1,"alarmAccThreshold":0.25,"slowRight":150,"slowLeft":0,"back":-300,"reduceMin":100}}},{"id":5,"name":"右侧有障碍物","config":{"noload":{"forward":450,"rotate":0,"right":0,"left":50,"slowAccThreshold":0.2,"alarmAccThreshold":0.4,"slowRight":0,"slowLeft":100,"back":-300,"reduceMin":100},"load":{"forward":450,"rotate":0,"right":0,"left":50,"slowAccThreshold":0.1,"alarmAccThreshold":0.25,"slowRight":0,"slowLeft":150,"back":-300,"reduceMin":100}}},{"id":6,"name":"左右侧有障碍物","config":{"noload":{"forward":450,"rotate":0,"right":0,"left":0,"slowAccThreshold":0.2,"alarmAccThreshold":0.4,"slowRight":0,"slowLeft":0,"back":-300,"reduceMin":100},"load":{"forward":450,"rotate":0,"right":0,"left":0,"slowAccThreshold":0.1,"alarmAccThreshold":0.25,"slowRight":0,"slowLeft":0,"back":-300,"reduceMin":100}}},{"id":7,"name":"货架调整","config":{"noload":{"forward":30,"rotate":20,"right":0,"left":0,"back":-300,"slowAccThreshold":0.2,"alarmAccThreshold":0.4,"slowRight":0,"slowLeft":0,"reduceMin":20},"load":{"forward":30,"rotate":20,"right":0,"left":0,"back":-300,"slowAccThreshold":0.2,"alarmAccThreshold":0.4,"slowRight":0,"slowLeft":0,"reduceMin":20}}},{"id":8,"name":"充电对接","config":{"noload":{"forward":200,"rotate":50,"right":10,"left":10,"back":0,"slowAccThreshold":0.4,"alarmAccThreshold":0.5,"slowRight":0,"slowLeft":0,"reduceMin":-50},"load":{"forward":200,"rotate":50,"right":10,"left":10,"back":0,"slowAccThreshold":0.2,"alarmAccThreshold":0.3,"slowRight":0,"slowLeft":0,"reduceMin":-50}},"height":[]},{"id":9,"name":"充电结束","config":{"noload":{"forward":500,"rotate":50,"right":0,"left":0,"back":-100,"slowAccThreshold":0.4,"alarmAccThreshold":0.5,"slowRight":20,"slowLeft":20,"reduceMin":100},"load":{"forward":200,"rotate":50,"right":0,"left":0,"back":-100,"slowAccThreshold":0.2,"alarmAccThreshold":0.3,"slowRight":20,"slowLeft":20,"reduceMin":100}},"height":[]},{"id":10,"name":"出货架","config":{"noload":{"forward":300,"rotate":50,"right":20,"left":20,"back":0,"slowAccThreshold":0.4,"alarmAccThreshold":0.5,"slowRight":10,"slowLeft":10,"reduceMin":100},"load":{"forward":300,"rotate":50,"right":50,"left":50,"back":0,"slowAccThreshold":0.2,"alarmAccThreshold":0.3,"slowRight":50,"slowLeft":50,"reduceMin":100}},"height":[]},{"id":11,"name":"进栈板","config":{"noload":{"forward":200,"rotate":50,"right":0,"left":0,"back":0,"slowAccThreshold":0.4,"alarmAccThreshold":0.5,"slowRight":0,"slowLeft":0,"reduceMin":-100},"load":{"forward":500,"rotate":50,"right":30,"left":30,"back":0,"slowAccThreshold":0.2,"alarmAccThreshold":0.3,"slowRight":20,"slowLeft":20,"reduceMin":100}},"height":[]},{"id":12,"name":"出栈板","config":{"noload":{"forward":500,"rotate":50,"right":0,"left":0,"back":-100,"slowAccThreshold":0.4,"alarmAccThreshold":0.5,"slowRight":0,"slowLeft":0,"reduceMin":100},"load":{"forward":500,"rotate":50,"right":30,"left":30,"back":0,"slowAccThreshold":0.2,"alarmAccThreshold":0.3,"slowRight":20,"slowLeft":20,"reduceMin":100}},"height":[]}],"AvoidSpecial":[{"AvoidName":"FreePath","AvoidId":0},{"AvoidName":"Bypass","AvoidId":2}],"Enable":true}